epoch,train_loss,val_loss,lr
0.0,0.694229245185852,0.6824669241905212,0.02
