{
  "samples": 433,
  "overall_accuracy": 0.5427251732101617,
  "positive_rate": 0.5381062355658198,
  "prediction_rate": 0.9907621247113164,
  "threshold_used": 0.4,
  "best_val_threshold": 0.4,
  "best_val_accuracy": 0.5427251732101617,
  "best_val_f1": 0.7009063444108762,
  "last_30_accuracy": 0.6333333333333333,
  "true_positives": 232,
  "false_positives": 197,
  "true_negatives": 3,
  "false_negatives": 1,
  "precision": 0.5407925407925408,
  "recall": 0.9957081545064378,
  "f1": 0.7009063444108762,
  "roc_auc": 0.49633047210300424,
  "pr_auc": 0.5502224519506715
}