{
  "samples": 433,
  "overall_accuracy": 0.5334872979214781,
  "positive_rate": 0.5381062355658198,
  "prediction_rate": 0.6535796766743649,
  "threshold_used": 0.44,
  "best_val_threshold": 0.44,
  "best_val_accuracy": 0.5612009237875288,
  "best_val_f1": 0.7067901234567903,
  "last_30_accuracy": 0.6333333333333333,
  "true_positives": 157,
  "false_positives": 126,
  "true_negatives": 74,
  "false_negatives": 76,
  "precision": 0.5547703180212014,
  "recall": 0.6738197424892703,
  "f1": 0.6085271317829456,
  "roc_auc": 0.5016952789699571,
  "pr_auc": 0.5363830667752643
}